{"cameraMode":{"drawMode":0,"name":"Shaded","section":"Shading Mode"},"sceneLighting":true,"audioPlay":false,"sceneViewState":{"m_AlwaysRefresh":false,"showFog":true,"showSkybox":true,"showFlares":true,"showImageEffects":true,"showParticleSystems":true,"showVisualEffectGraphs":true,"m_FxEnabled":true},"in2DMode":false,"pivot":{"x":30.36890411376953,"y":2.3818068504333498,"z":1.2682169675827027},"rotation":{"x":0.07646656036376953,"y":0.697557806968689,"z":-0.07556997984647751,"w":0.7084944248199463},"size":0.33251410722732546,"orthographic":false}