{"cameraMode":{"drawMode":0,"name":"Shaded","section":"Shading Mode"},"sceneLighting":true,"audioPlay":false,"sceneViewState":{"m_AlwaysRefresh":false,"showFog":true,"showSkybox":true,"showFlares":true,"showImageEffects":true,"showParticleSystems":true,"showVisualEffectGraphs":true,"m_FxEnabled":true},"in2DMode":false,"pivot":{"x":-0.07879376411437988,"y":0.7262063026428223,"z":-0.07000384479761124},"rotation":{"x":0.1939937323331833,"y":0.20063327252864839,"z":-0.04062779247760773,"w":0.9594818353652954},"size":5.805168628692627,"orthographic":false}