{"cameraMode":{"drawMode":0,"name":"Shaded","section":"Shading Mode"},"sceneLighting":true,"audioPlay":false,"sceneViewState":{"m_AlwaysRefresh":false,"showFog":true,"showSkybox":true,"showFlares":true,"showImageEffects":true,"showParticleSystems":true,"showVisualEffectGraphs":true,"m_FxEnabled":true},"in2DMode":false,"pivot":{"x":-1.8294470310211182,"y":1.010479211807251,"z":-0.06902235746383667},"rotation":{"x":-0.31269121170043948,"y":0.48373040556907656,"z":-0.1902463138103485,"w":-0.7950621843338013},"size":0.9526307582855225,"orthographic":false}